Timestamp,Meter_ID,Ampere,Volt,Meter_Consumption
2024-01-01 00:00:00,M001,14.846593038404636,207.57955218128697,3283.5047752269534
2024-01-01 01:00:00,M002,19.900619017392103,223.93274166592323,4692.167549227614
2024-01-01 02:00:00,M003,8.957548394083783,217.78714405915707,1992.0017064867739
2024-01-01 03:00:00,M004,12.080272086271034,234.45482074520504,2673.1613796039733
2024-01-01 04:00:00,M005,12.854941638080101,223.7262184964968,2808.687084164512
2024-01-01 05:00:00,M006,15.787915830245044,219.05245173660768,3378.0427740890477
2024-01-01 06:00:00,M007,11.456751794433615,232.32531947557726,2549.261184859922
2024-01-01 07:00:00,M008,7.129931627389146,210.52737531071386,1366.9596545762586
2024-01-01 08:00:00,M009,12.02018922073617,200.3215825254799,2495.774698476335
2024-01-01 09:00:00,M010,18.5035722505811,226.25195626367696,3807.110434463198
2024-01-01 10:00:00,M011,6.104764025865952,202.41179643898582,1200.6799461628239
2024-01-01 11:00:00,M012,18.1266011612541,225.90961125194949,3728.4967305176
2024-01-01 12:00:00,M013,9.425427918962598,212.0922376073726,1934.9938813535605
2024-01-01 13:00:00,M014,19.671883404756727,216.77580674007444,3893.795049000789
2024-01-01 14:00:00,M015,18.64601718440943,230.07273496734922,4051.2861225114916
2024-01-01 15:00:00,M016,16.512790326768116,201.84818853650788,3508.718776682765
2024-01-01 16:00:00,M017,18.043244957003754,234.8716595258455,4027.717468712242
2024-01-01 17:00:00,M018,18.095331236246956,203.8832783301728,3369.4432525913053
2024-01-01 18:00:00,M019,10.784158017103763,208.7430397632278,2382.1419144474166
2024-01-01 19:00:00,M020,8.109098544482682,237.53906578036577,1782.86982780624
2024-01-01 20:00:00,M021,11.111137410845675,239.59401986863162,2777.4864873899996
2024-01-01 21:00:00,M022,15.711144845038547,236.88907572658118,3577.4645522814726
2024-01-01 22:00:00,M023,7.222633392611315,223.4285820119701,1479.751234572524
2024-01-01 23:00:00,M024,5.726698370538762,213.03509535357787,1131.0536899739395
2024-01-02 00:00:00,M025,19.174648499004675,225.99885064949643,4536.8936374837
2024-01-02 01:00:00,M026,11.64208863204474,234.75618807760904,2611.828148399347
2024-01-02 02:00:00,M027,16.447377222466883,208.924032226848,3594.4758016987385
2024-01-02 03:00:00,M028,13.246425573861984,204.50588418139813,2626.0308107756236
2024-01-02 04:00:00,M029,8.721496774549713,229.82207848851678,2041.4552999467073
2024-01-02 05:00:00,M030,9.575669585161899,217.82046954380627,1944.609898689193
2024-01-02 06:00:00,M031,8.563503108461717,219.94083468152795,1749.9481655868376
2024-01-02 07:00:00,M032,10.430697414101326,218.0319886842953,2065.0332865504565
2024-01-02 08:00:00,M033,7.49197200303211,221.2849812432882,1546.5351113129825
2024-01-02 09:00:00,M034,13.651339363726088,232.59858370103717,2988.2234907745096
2024-01-02 10:00:00,M035,10.36957312249685,223.35820624538303,2149.4522237378324
2024-01-02 11:00:00,M036,16.926962782176542,214.40426003335008,3802.502275248576
2024-01-02 12:00:00,M037,9.596205344239058,200.44090461014537,1982.76702143796
2024-01-02 13:00:00,M038,14.452451808618827,230.12294300111384,3535.6009229892534
2024-01-02 14:00:00,M039,5.940693450339167,204.20509067294108,1093.6082570245705
2024-01-02 15:00:00,M040,17.961181478860688,204.9015661810773,3374.1329132618193
2024-01-02 16:00:00,M041,5.432373832740746,233.6190427873764,1238.6841508316031
2024-01-02 17:00:00,M042,5.4893169172848175,232.49793673145518,1171.8622155958976
2024-01-02 18:00:00,M043,15.53963710325465,216.0889600823031,3250.680273616088
2024-01-02 19:00:00,M044,5.653697655490463,215.61634199964374,1250.2345466020358
2024-01-02 20:00:00,M045,9.317655684000309,226.43970423173587,2306.6770322493235
2024-01-02 21:00:00,M046,7.05508982025186,203.040922244791,1417.4290372585936
2024-01-02 22:00:00,M047,19.873843432431023,225.45013686863928,4791.886421423029
2024-01-02 23:00:00,M048,13.188942580518743,213.75745304864208,2631.828168621106
2024-01-03 00:00:00,M049,19.17055551029022,217.9155150116776,4403.281663869404
2024-01-03 01:00:00,M050,19.550403875098777,232.78175313214433,4849.524629218188
2024-01-03 02:00:00,M051,15.635466105519201,204.57709275777853,3073.1859854778895
2024-01-03 03:00:00,M052,11.378596827648202,225.49085731885623,2820.369349439343
2024-01-03 04:00:00,M053,8.13638068350647,203.76775066504936,1600.6376423188492
2024-01-03 05:00:00,M054,8.517181516932864,233.704756005914,2182.61371055841
2024-01-03 06:00:00,M055,10.222143529844132,225.41320509629963,2188.65411966914
2024-01-03 07:00:00,M056,8.112720950189315,231.0574941737542,1815.1025709532016
2024-01-03 08:00:00,M057,14.6519694382846,207.63150334819724,3169.034977280731
2024-01-03 09:00:00,M058,12.651940825147824,225.35287297918921,3085.964946816703
2024-01-03 10:00:00,M059,12.262686192002924,236.47795536984094,2787.8034859691547
2024-01-03 11:00:00,M060,10.599747606348446,202.28225411640983,2154.1099527338156
2024-01-03 12:00:00,M061,12.725108779060092,200.52091800588673,2746.778345884941
2024-01-03 13:00:00,M062,9.695131630798157,217.44059100417562,2134.9595930626397
2024-01-03 14:00:00,M063,9.796372713868633,207.58588278425643,2166.6356646938434
2024-01-03 15:00:00,M064,12.810551760674274,222.89441267257703,2894.1080335958304
2024-01-03 16:00:00,M065,10.422291056766621,201.16825705830732,2215.1118642138413
2024-01-03 17:00:00,M066,12.799734051935001,225.98770620056308,3081.0295416671593
2024-01-03 18:00:00,M067,8.061040785999158,239.35763676137495,1765.6517314018424
2024-01-03 19:00:00,M068,7.591629338087644,237.70094476653713,1789.6402387205817
2024-01-03 20:00:00,M069,18.840945301608727,230.70603517052336,4236.899426475321
2024-01-03 21:00:00,M070,14.76619959285045,228.2154278578493,3250.2090441375813
2024-01-03 22:00:00,M071,18.27258364405153,222.75256796064534,4333.222452653331
2024-01-03 23:00:00,M072,12.310512492469236,225.53862855866203,2774.561610437007
2024-01-04 00:00:00,M073,18.713376369614394,225.87130193289372,4353.565899281108
2024-01-04 01:00:00,M074,13.222023712281857,232.70619824338428,2915.1682733040325
2024-01-04 02:00:00,M075,14.37171653222313,200.20179272139083,2864.2160521746614
2024-01-04 03:00:00,M076,15.167146050552805,211.21584839663078,3311.365541131249
2024-01-04 04:00:00,M077,14.856349421660347,232.29681065908898,3653.604608111814
2024-01-04 05:00:00,M078,17.68792963047474,228.9983000257942,3735.155366169522
2024-01-04 06:00:00,M079,5.3206211013578635,207.5084451227204,1000.2143660350839
2024-01-04 07:00:00,M080,18.01434900293799,200.78877121705105,3717.908606320718
2024-01-04 08:00:00,M081,15.702920784240447,225.08144111463045,3519.8520023774854
2024-01-04 09:00:00,M082,11.138402039473977,225.41412376401624,2665.5300015696134
2024-01-04 10:00:00,M083,18.94691108845717,236.3655927838741,4738.399128394985
2024-01-04 11:00:00,M084,5.707558972817668,222.20960689271482,1204.5879497436456
2024-01-04 12:00:00,M085,11.437400704677623,201.7347281800182,2366.813238349621
2024-01-04 13:00:00,M086,7.49990989765144,222.83646581590074,1785.2071359912484
2024-01-04 14:00:00,M087,15.43769269322109,226.13020720368618,3410.1389681003016
2024-01-04 15:00:00,M088,5.352381126756031,204.2107703028817,1174.830666782312
2024-01-04 16:00:00,M089,17.042394055352503,210.4802866603448,3791.1782313834815
2024-01-04 17:00:00,M090,7.154528938516326,228.04464264965395,1573.4961060941764
2024-01-04 18:00:00,M091,8.33689807452436,226.16188368645405,1805.590539752036
2024-01-04 19:00:00,M092,9.088948468822231,220.59613075212033,1860.3331899248806
2024-01-04 20:00:00,M093,11.383571351529278,221.41393753279968,2589.4366451186493
2024-01-04 21:00:00,M094,11.311230099461994,205.19250608320274,2092.5327283344463
2024-01-04 22:00:00,M095,7.568173918178066,237.49058276554143,1947.2340422433645
2024-01-04 23:00:00,M096,6.313422495185467,229.14579584290442,1307.303730109063
2024-01-05 00:00:00,M097,8.865059231461409,200.8600294475106,1805.2918202368003
2024-01-05 01:00:00,M098,11.900058409786876,239.02038916141777,2591.7900861275475
2024-01-05 02:00:00,M099,11.580462205295085,238.39566695594016,2490.5245971702025
2024-01-05 03:00:00,M100,9.223086673120397,215.02956996910967,1923.114987018474
2024-01-05 04:00:00,M001,13.594848132696846,214.89563573354462,3182.6269980121997
2024-01-05 05:00:00,M002,5.17906969774537,236.97547346334306,1207.6902802747736
2024-01-05 06:00:00,M003,17.546261728400182,232.801608698103,3807.603115707157
2024-01-05 07:00:00,M004,12.62955970769555,213.97352151538544,2451.0701803117317
2024-01-05 08:00:00,M005,9.842204616982425,227.63377021002765,2036.584136172424
2024-01-05 09:00:00,M006,9.645565351039227,204.37133896370952,1809.244065425277
2024-01-05 10:00:00,M007,18.870193679964082,221.33582241081788,4517.67569060131
2024-01-05 11:00:00,M008,17.916916717703195,218.358976615096,3900.6243105930434
2024-01-05 12:00:00,M009,9.272794395298058,214.9330736543002,2153.246620811388
2024-01-05 13:00:00,M010,19.39808293146062,211.68616495169846,4468.543703143323
2024-01-05 14:00:00,M011,18.664617361190096,208.7348646767535,4015.6300198446634
2024-01-05 15:00:00,M012,11.076237149141672,231.32173289384573,2486.7636833279917
2024-01-05 16:00:00,M013,17.42306079562681,231.10844697634016,4173.314440972897
2024-01-05 17:00:00,M014,16.609256907295613,222.9818171418984,3698.303193077724
2024-01-05 18:00:00,M015,16.423563775360186,205.48131770649664,3259.640833456745
2024-01-05 19:00:00,M016,19.603121192659547,201.14605914432644,4035.52142889291
2024-01-05 20:00:00,M017,9.939303019262097,237.12055934995084,2218.1104705268376
2024-01-05 21:00:00,M018,9.522910740099828,212.15270289996838,1964.9643165736297
2024-01-05 22:00:00,M019,10.319753694674429,223.26178859726068,2436.0521961676855
2024-01-05 23:00:00,M020,17.09544588844208,202.3864089294573,3539.1108667013496
2024-01-06 00:00:00,M021,17.949442878249812,208.65758743621134,3373.080238225213
2024-01-06 01:00:00,M022,15.853002872859262,221.12140584330064,3436.7626028109257
2024-01-06 02:00:00,M023,19.015818868031364,215.39679448412375,4080.5382397378908
2024-01-06 03:00:00,M024,14.829189376906163,206.09912150125214,2889.850291456775
2024-01-06 04:00:00,M025,16.425154738135774,210.83523697670026,3471.9352507161466
2024-01-06 05:00:00,M026,11.8863866239839,212.23926973980673,2694.290707603492
2024-01-06 06:00:00,M027,6.099617413471261,237.1303545354408,1382.6851791106337
2024-01-06 07:00:00,M028,7.496005663869908,229.58712648073276,1765.7288959732261
2024-01-06 08:00:00,M029,8.12750231974593,229.09813209574185,1987.7255774255339
2024-01-06 09:00:00,M030,9.561039584231683,218.16509540141303,2072.602378591764
2024-01-06 10:00:00,M031,8.362845484890613,238.28666748652904,2099.562117226076
2024-01-06 11:00:00,M032,18.228177197149087,233.35790215692018,3956.5616329138816
2024-01-06 12:00:00,M033,7.1800573850964176,239.27754126343999,1598.0098344869757
2024-01-06 13:00:00,M034,5.53133914744795,213.4653792446018,1288.8962972622505
2024-01-06 14:00:00,M035,7.735717678631355,232.61976736532264,1632.6822671468328
2024-01-06 15:00:00,M036,10.522251083087669,214.93771086306026,2310.562348027195
2024-01-06 16:00:00,M037,14.418214157174466,226.3249075660837,3149.6365789004294
2024-01-06 17:00:00,M038,15.402900376595456,222.0784793387367,3375.0479219493504
2024-01-06 18:00:00,M039,16.833368463294715,210.86634126927305,3695.0608223822123
2024-01-06 19:00:00,M040,7.042104112297006,214.24979808826092,1492.2328948952513
2024-01-06 20:00:00,M041,15.891663212202534,209.15316300486657,3501.9612292218476
2024-01-06 21:00:00,M042,17.607802731135358,226.37139891123292,4027.0657212425003
2024-01-06 22:00:00,M043,8.95812643225189,200.88712274057977,1776.4378515422611
2024-01-06 23:00:00,M044,10.79632101983804,227.6919058386055,2284.1358354953254
2024-01-07 00:00:00,M045,11.729670958572783,216.37783585968288,2353.2248333615053
2024-01-07 01:00:00,M046,17.802547105113412,206.83426287345333,3554.7121220197278
2024-01-07 02:00:00,M047,16.018465048563634,220.70788270754093,3593.4169386847284
2024-01-07 03:00:00,M048,7.641189319257261,224.6582045369846,1582.3411523989903
2024-01-07 04:00:00,M049,8.93023397485897,201.63232388962382,1855.4441170398047
2024-01-07 05:00:00,M050,16.825464798679505,235.69299935611537,3957.208703950495
2024-01-07 06:00:00,M051,6.703739898801088,202.43293212620878,1226.3736662162137
2024-01-07 07:00:00,M052,19.86579923113421,233.28792591904835,5072.738463738867
2024-01-07 08:00:00,M053,17.012276788193198,204.04647558078682,3452.2262808958703
2024-01-07 09:00:00,M054,19.54735553505568,209.72726428812396,4223.86168973546
2024-01-07 10:00:00,M055,17.890149422454872,235.9444158595946,4218.356187435662
2024-01-07 11:00:00,M056,18.25300666122442,235.6334545297093,4641.010842239614
2024-01-07 12:00:00,M057,18.449299160554197,200.62505571768156,3919.5515790371624
2024-01-07 13:00:00,M058,9.77989815161101,213.76809612268676,1925.9542818380487
2024-01-07 14:00:00,M059,5.267889777390318,239.25740377963888,1263.5474145508979
2024-01-07 15:00:00,M060,16.08667888625307,214.9569877907831,3478.6394497056444
2024-01-07 16:00:00,M061,16.883664368693637,232.00336367733615,4179.402179369116
2024-01-07 17:00:00,M062,5.031423617026457,231.84984933592702,1134.1450942578424
2024-01-07 18:00:00,M063,9.230988400937687,203.8607408673908,1896.406722871453
2024-01-07 19:00:00,M064,10.419439669273352,223.5624658685207,2195.6204178336743
2024-01-07 20:00:00,M065,6.228737196782978,234.68148641629313,1591.1710565833946
2024-01-07 21:00:00,M066,16.463133774983604,237.8787375536652,3601.2859881149743
2024-01-07 22:00:00,M067,11.589154903651588,210.55436694257273,2668.26430000045
2024-01-07 23:00:00,M068,9.012407742549739,206.33320466942232,1814.3800301797548
2024-01-08 00:00:00,M069,8.957088220700983,222.53815959106984,2024.75715476483
2024-01-08 01:00:00,M070,17.113951592208025,227.5429734520219,4014.4487217567944
2024-01-08 02:00:00,M071,18.998274709533014,206.73502280938663,4017.3401243875596
2024-01-08 03:00:00,M072,19.251708246639797,204.66142618598434,3893.5553616488805
2024-01-08 04:00:00,M073,9.37715674853364,221.60809749171284,2138.164872433097
2024-01-08 05:00:00,M074,13.66111325758267,210.0960977699429,2780.821940158753
2024-01-08 06:00:00,M075,8.769760366100465,224.67313137083235,2032.836832938888
2024-01-08 07:00:00,M076,9.602050969418851,225.88082148385456,2363.5115612113027
2024-01-08 08:00:00,M077,14.928890316721835,230.61718907291691,3309.197593817555
2024-01-08 09:00:00,M078,19.83473549514453,220.26554241637564,4705.459086732739
2024-01-08 10:00:00,M079,8.731060573657933,212.9990707318404,1893.6928183648818
2024-01-08 11:00:00,M080,15.572831649324652,224.8188025337395,3271.8471914951715
2024-01-08 12:00:00,M081,14.57780430430984,232.083318929137,3660.659273375612
2024-01-08 13:00:00,M082,18.178838242254166,221.8446713700911,3834.7663167417977
2024-01-08 14:00:00,M083,11.803218349298499,237.02242468075661,2745.6226571631983
2024-01-08 15:00:00,M084,10.986059655518016,213.30966543610594,2243.591431362337
2024-01-08 16:00:00,M085,7.162040537339875,209.324411056626,1593.696528697606
2024-01-08 17:00:00,M086,8.503127655979299,234.67859924756766,2109.9569770487583
2024-01-08 18:00:00,M087,6.724329913790059,233.47344835813817,1690.321809205416
2024-01-08 19:00:00,M088,7.148531847875297,204.76839116401877,1342.4387315799815
2024-01-08 20:00:00,M089,5.316511227217123,215.61161206682257,1109.5228081602113
2024-01-08 21:00:00,M090,16.25460906749835,235.09565512038677,3448.060725601528
2024-01-08 22:00:00,M091,18.998788788971467,218.39327397946644,3955.470033700625
2024-01-08 23:00:00,M092,13.327327517844939,206.70986204656535,2563.489511251122
2024-01-09 00:00:00,M093,13.688272843128571,234.78153327139265,3325.8260289899054
2024-01-09 01:00:00,M094,18.738316145187447,218.05055784048844,4458.686107434309
2024-01-09 02:00:00,M095,11.962809526073357,228.1118314161646,2471.0634255393225
2024-01-09 03:00:00,M096,5.639477226069261,217.5261636745637,1261.3459676423743
2024-01-09 04:00:00,M097,14.432991866722867,220.22760923626976,3292.272775294051
2024-01-09 05:00:00,M098,14.472170015802451,207.36528999819714,3197.963033376519
2024-01-09 06:00:00,M099,19.64778015616914,234.75161441531924,4380.94466942335
2024-01-09 07:00:00,M100,13.994898097133598,221.45343576120953,3404.656135730051
2024-01-09 08:00:00,M001,7.260351428818934,220.1075788487271,1566.0920389644573
2024-01-09 09:00:00,M002,13.782442355504006,236.3968373542203,3476.7152813281577
2024-01-09 10:00:00,M003,16.750898975811598,231.78623124480697,3856.9398269159446
2024-01-09 11:00:00,M004,19.600973544233483,206.38773384662787,3889.115086243059
2024-01-09 12:00:00,M005,6.664568975841158,222.45726956545747,1355.0066278766951
2024-01-09 13:00:00,M006,19.729651782737925,215.67440996576352,4081.02128695989
2024-01-09 14:00:00,M007,11.30954388731405,228.05135855952116,2821.7572494056435
2024-01-09 15:00:00,M008,12.165418475854569,217.66632260224765,2566.838838043079
2024-01-09 16:00:00,M009,9.22555566453234,224.56979186630497,2120.048441733385
2024-01-09 17:00:00,M010,12.35895287778187,212.66875739914576,2543.227477514465
2024-01-09 18:00:00,M011,7.318833736745125,209.1124147874051,1500.1892817139815
2024-01-09 19:00:00,M012,5.394013798923404,235.44422351974592,1166.9879431011736
2024-01-09 20:00:00,M013,15.547160868648929,237.2992562630257,4005.08854527559
2024-01-09 21:00:00,M014,19.06068583906687,204.35946004379437,3711.620331178521
2024-01-09 22:00:00,M015,19.980672400728178,202.15097902851997,4380.7181466283655
2024-01-09 23:00:00,M016,12.141316088137504,229.95592188285787,2859.5531054479384
2024-01-10 00:00:00,M017,9.755444652137536,229.26996874678343,2430.447523593675
2024-01-10 01:00:00,M018,6.188422589798366,221.29564423136532,1464.4304379666382
2024-01-10 02:00:00,M019,14.055220823890044,208.9324493478206,2725.250316815877
2024-01-10 03:00:00,M020,10.612022264594591,217.82832246296246,2470.0139835214563
2024-01-10 04:00:00,M021,6.665919509422936,202.2075209946478,1334.9518480899806
2024-01-10 05:00:00,M022,11.363466076000407,222.48381032845737,2275.574154082403
2024-01-10 06:00:00,M023,15.680483528214788,227.47476377339345,3841.810352691929
2024-01-10 07:00:00,M024,17.16915870915593,208.4777958133261,3272.6453803599907
2024-01-10 08:00:00,M025,19.878014036209848,211.7542095651621,4475.942584147489
2024-01-10 09:00:00,M026,16.234296742076005,234.08412559207085,4025.947092811494
2024-01-10 10:00:00,M027,5.567001788320329,225.6167715373644,1200.892040573141
2024-01-10 11:00:00,M028,13.038563477003239,210.03620048558972,2494.925576180577
2024-01-10 12:00:00,M029,11.07347036099584,219.97899558957536,2435.687102042801
2024-01-10 13:00:00,M030,7.060300595573295,233.9258883631066,1559.2648087116577
2024-01-10 14:00:00,M031,14.973390538119478,226.111241124387,3344.3130793015557
2024-01-10 15:00:00,M032,12.445195547882038,220.76098533402745,2604.271542848852
2024-01-10 16:00:00,M033,6.491487046887869,206.92704324959755,1311.1944930288096
2024-01-10 17:00:00,M034,17.72502234134642,217.11169317548527,4151.218941598373
2024-01-10 18:00:00,M035,16.5407906970023,216.41689375504268,3924.776833607711
2024-01-10 19:00:00,M036,16.002968625155106,213.35073404789625,3629.92553580104
2024-01-10 20:00:00,M037,17.192725709113514,218.28763882447473,3816.0850795853244
2024-01-10 21:00:00,M038,16.067443954787592,220.94372540582322,3748.1083452766
2024-01-10 22:00:00,M039,14.392014994155504,200.05408076495556,2734.6255630536357
2024-01-10 23:00:00,M040,15.60320717537391,215.26561735613112,3532.4335887836073
2024-01-11 00:00:00,M041,16.526569186962455,238.10281675097852,4114.25958498073
2024-01-11 01:00:00,M042,17.7640447340955,201.86150836635042,3443.6739984757646
2024-01-11 02:00:00,M043,14.105642453426638,220.93387232144707,2905.8247327214262
2024-01-11 03:00:00,M044,11.556879189167162,214.50822829470093,2671.3313160843472
2024-01-11 04:00:00,M045,13.0366491777556,223.21290632051546,2869.7046837841776
2024-01-11 05:00:00,M046,10.387291789888387,229.80770412786208,2284.0106439803108
2024-01-11 06:00:00,M047,9.261620671001051,239.2862247308967,2196.9766763440634
2024-01-11 07:00:00,M048,5.400376250269556,221.94190228113743,1236.89024226507
2024-01-11 08:00:00,M049,18.6148735215985,222.38292287071764,4438.361598561106
2024-01-11 09:00:00,M050,16.824756826237397,223.69349682964344,3702.640753194036
2024-01-11 10:00:00,M051,5.429570480547886,203.78607006021497,1050.1451828756933
2024-01-11 11:00:00,M052,18.990003487484884,230.825215457472,4535.903698359879
2024-01-11 12:00:00,M053,11.810761414472637,239.2923793389256,2546.0508787498306
2024-01-11 13:00:00,M054,16.760734335435703,217.14840515914202,3840.925999587694
2024-01-11 14:00:00,M055,15.967719075690725,215.13888945193673,3467.440473181832
2024-01-11 15:00:00,M056,8.955093754883647,203.6876894330541,1771.5978105060954
2024-01-11 16:00:00,M057,6.725582540498669,217.74973029646665,1408.0871872258078
2024-01-11 17:00:00,M058,12.569172604052604,208.85240933632085,2776.4396810976514
2024-01-11 18:00:00,M059,5.778987463916658,208.51082343492354,1158.0127835988133
2024-01-11 19:00:00,M060,19.535360572803484,220.20524020833224,4130.906489211501
2024-01-11 20:00:00,M061,11.049666990719928,203.6845743448568,2394.4354742050136
2024-01-11 21:00:00,M062,13.259721490480034,217.9465706187307,2975.114053892909
2024-01-11 22:00:00,M063,14.387460059713247,201.94818534727048,2655.9491950796473
2024-01-11 23:00:00,M064,9.789351622859106,233.09853166553316,2182.1880025529103
2024-01-12 00:00:00,M065,12.347202677579057,200.0424212659678,2694.3652529823535
2024-01-12 01:00:00,M066,17.541322342934365,228.15226127453332,4074.1906199362984
2024-01-12 02:00:00,M067,19.011405398183236,239.35850818477272,4999.766815095686
2024-01-12 03:00:00,M068,5.58383794180303,225.64673118644504,1362.8249189652947
2024-01-12 04:00:00,M069,7.971328243392206,208.1174933537862,1766.4185794372233
2024-01-12 05:00:00,M070,11.132898377233584,221.4969902347963,2410.3739804664315
2024-01-12 06:00:00,M071,18.240543034534582,229.74579329576255,3899.177413132148
2024-01-12 07:00:00,M072,7.842840244071647,236.11850715615122,1934.223123476653
2024-01-12 08:00:00,M073,10.437479378661132,238.64142367326116,2383.332702958526
2024-01-12 09:00:00,M074,6.7358987853425285,215.23404255072418,1392.696502940617
2024-01-12 10:00:00,M075,13.199833274315724,210.05677532444344,2752.619832380811
2024-01-12 11:00:00,M076,16.051623253987863,232.71128889543058,3946.8927882215135
2024-01-12 12:00:00,M077,5.780271148751139,218.6504387516975,1323.850023861929
2024-01-12 13:00:00,M078,13.295667981744428,204.40241319971116,2811.5841628275216
2024-01-12 14:00:00,M079,7.28621477492768,235.32262980308104,1652.0013940255228
2024-01-12 15:00:00,M080,15.960959930046487,204.17058031601994,3488.245939659292
2024-01-12 16:00:00,M081,15.502473167605217,238.9722545116312,3466.063839187555
2024-01-12 17:00:00,M082,16.83606438315935,203.335548490832,3142.377921198147
2024-01-12 18:00:00,M083,6.667188783308893,211.04289186240018,1316.1436592412224
2024-01-12 19:00:00,M084,18.63261672204235,221.93842973792655,4475.52647138882
2024-01-12 20:00:00,M085,18.10892932158679,227.09410299206814,3984.0381704137376
2024-01-12 21:00:00,M086,13.91312755197666,214.86457960412042,2827.3018786403263
2024-01-12 22:00:00,M087,8.514885781897666,200.77018188596227,1752.8412243062744
2024-01-12 23:00:00,M088,18.67295771850614,212.28971574998909,4065.482140327005
2024-01-13 00:00:00,M089,17.772394335502405,201.40466746215762,3373.7964001534115
2024-01-13 01:00:00,M090,16.75356359777622,214.50501992274042,3489.430229809038
2024-01-13 02:00:00,M091,11.693543352608852,200.91006753647463,2151.2698958390183
2024-01-13 03:00:00,M092,11.331166628397412,230.94708057754355,2399.9799270949798
2024-01-13 04:00:00,M093,14.02188322649675,206.9612026250883,3155.8469816737716
2024-01-13 05:00:00,M094,12.651281522776674,201.873796540851,2733.639136819067
2024-01-13 06:00:00,M095,10.966683748113446,214.954115394834,2263.689003459519
2024-01-13 07:00:00,M096,18.12915849137084,239.4452967892253,4250.644760218807
2024-01-13 08:00:00,M097,13.939581715366845,229.34158946789648,2984.909433473546
2024-01-13 09:00:00,M098,6.484989842976982,229.31837155804968,1350.1745066971644
2024-01-13 10:00:00,M099,15.168416938590685,223.407404813862,3231.0655072151317
2024-01-13 11:00:00,M100,18.64386541825422,224.57645419168352,4479.84468208532
2024-01-13 12:00:00,M001,13.830897909028655,219.05000713386977,3291.4533404983326
2024-01-13 13:00:00,M002,17.00510206334602,207.66391194233339,3272.2251202915863
2024-01-13 14:00:00,M003,19.530655442569696,218.7095248176686,4684.9803476516945
2024-01-13 15:00:00,M004,17.28380547184228,231.55656533286339,4358.417416987583
2024-01-13 16:00:00,M005,6.954197768163262,205.55026291051587,1395.614645126288
2024-01-13 17:00:00,M006,14.85221510660439,239.9460023638133,3643.065608813654
2024-01-13 18:00:00,M007,10.179354404672393,210.07423530533794,2292.2443294226873
2024-01-13 19:00:00,M008,13.904609917258298,239.17628116590924,3526.851754708998
2024-01-13 20:00:00,M009,13.79780187871857,235.04384536012856,3432.274036808718
2024-01-13 21:00:00,M010,10.841570444851863,226.93713831298487,2556.7276510086062
2024-01-13 22:00:00,M011,10.61550163209511,234.68453224993368,2387.564554568533
2024-01-13 23:00:00,M012,15.44926181720436,234.62700411333944,3622.5148056939156
2024-01-14 00:00:00,M013,14.207688236812537,200.55380226201336,2927.671060124354
2024-01-14 01:00:00,M014,5.54956626093923,204.6939230330811,1086.4939739918443
2024-01-14 02:00:00,M015,9.967093215527544,226.32569107227852,2087.039784626799
2024-01-14 03:00:00,M016,17.20827589562373,211.31364145418587,3436.44428344787
2024-01-14 04:00:00,M017,13.251105177481541,224.17942333081498,2698.7006737738056
2024-01-14 05:00:00,M018,12.032512604075706,226.23981301640998,2504.2747392298043
2024-01-14 06:00:00,M019,14.342943137696604,207.57319415600023,3163.2574423727597
2024-01-14 07:00:00,M020,5.820550116036599,212.38279367373445,1201.4495954411752
2024-01-14 08:00:00,M021,7.0297697876129295,206.72795927693747,1380.5990985731135
2024-01-14 09:00:00,M022,5.478525439340562,202.5853713559072,1009.3055779543579
2024-01-14 10:00:00,M023,15.817775819473718,216.5258538549648,3506.7820381657766
2024-01-14 11:00:00,M024,10.102578821064014,216.19819112453354,2095.2304080385566
2024-01-14 12:00:00,M025,14.876824729191174,234.2687075780986,3298.6626183500175
2024-01-14 13:00:00,M026,11.342768107489386,231.72254777200098,2568.1258348051088
2024-01-14 14:00:00,M027,6.127898787229226,239.5068186139933,1498.7240614809475
2024-01-14 15:00:00,M028,17.169394886173592,223.2968912635104,4006.750117292245
2024-01-14 16:00:00,M029,17.86368034828956,203.88332722029136,3699.895376620211
2024-01-14 17:00:00,M030,15.717102849095266,215.41414302083507,3569.3153431463543
2024-01-14 18:00:00,M031,9.07834865516345,238.3176720129968,2083.0003266377653
2024-01-14 19:00:00,M032,12.91218122910779,225.04388305156004,3024.9117872064403
2024-01-14 20:00:00,M033,9.139094002810342,228.79517679592266,1993.4576969346026
2024-01-14 21:00:00,M034,15.486893172620022,231.1129452689172,3285.4461352263374
2024-01-14 22:00:00,M035,15.151538844873901,219.82194917050631,3213.823378639848
2024-01-14 23:00:00,M036,15.744001295423292,231.51053893455662,3657.2065035889204
2024-01-15 00:00:00,M037,6.178298882170163,222.28058100832757,1319.3556293451395
2024-01-15 01:00:00,M038,19.624376759798945,214.35837593060782,4278.875431374975
2024-01-15 02:00:00,M039,6.851612286333696,229.15027979428456,1600.2300240505847
2024-01-15 03:00:00,M040,16.77950759621577,211.069053045875,3428.016249427267
2024-01-15 04:00:00,M041,19.168570330858344,215.19707620954333,4390.168103963466
2024-01-15 05:00:00,M042,5.864670436450727,215.90324261241912,1146.7832861962706
2024-01-15 06:00:00,M043,11.202006350350617,237.43706109409726,2426.543809072079
2024-01-15 07:00:00,M044,5.2607053126557215,228.40587385069657,1274.6626552223158
2024-01-15 08:00:00,M045,19.917139202272658,215.29276393458667,4090.6443592191845
2024-01-15 09:00:00,M046,12.700410905984693,239.16170897377702,3098.4583114723523
2024-01-15 10:00:00,M047,18.65421105562142,236.7077121688654,4677.121529400523
2024-01-15 11:00:00,M048,9.405880307763349,233.14235734693153,2304.067474622894
2024-01-15 12:00:00,M049,5.483060107216491,215.79704037670712,1158.7929427556717
2024-01-15 13:00:00,M050,11.145222653917049,230.8996015500294,2781.4314966039547
2024-01-15 14:00:00,M051,12.437058627167225,238.73238099366813,3062.3953473982565
2024-01-15 15:00:00,M052,15.413175854223883,229.24545144326916,3720.962355087249
2024-01-15 16:00:00,M053,19.800081773402717,217.66287809723138,4715.3115081943515
2024-01-15 17:00:00,M054,9.742897600805112,205.56611159719156,1964.6635295841327
2024-01-15 18:00:00,M055,9.72124548005981,219.18219758362295,2337.6858534348025
2024-01-15 19:00:00,M056,10.72681391762073,223.9332928604552,2574.7459192610204
2024-01-15 20:00:00,M057,15.420273010370241,210.44015110969622,3481.113770707405
2024-01-15 21:00:00,M058,5.135859349775471,206.07584869128317,1050.4471123979895
2024-01-15 22:00:00,M059,17.86234264250266,202.2682526320886,3907.3053525711807
2024-01-15 23:00:00,M060,16.63112764055726,236.89388213721725,3905.688965716525
2024-01-16 00:00:00,M061,14.510073591339768,234.02140504332633,3710.707307190049
2024-01-16 01:00:00,M062,9.51615210551075,237.00695611016488,2429.690425594469
2024-01-16 02:00:00,M063,19.53376038356323,209.17866339424367,3694.5085806564766
2024-01-16 03:00:00,M064,14.418061187755901,234.86213409455604,3271.1050884206334
2024-01-16 04:00:00,M065,14.81263862669733,223.17999918691294,3083.486365784047
2024-01-16 05:00:00,M066,7.320979122303399,211.8172911430879,1431.921279021807
2024-01-16 06:00:00,M067,6.35291143561341,228.7185116043307,1375.2087282583827
2024-01-16 07:00:00,M068,15.8180193293235,215.36853444583923,3277.374453939114
2024-01-16 08:00:00,M069,18.15242535393473,213.58090026595042,3824.080066827944
2024-01-16 09:00:00,M070,11.307587297242327,234.9134511834069,2600.0480823378853
2024-01-16 10:00:00,M071,13.45114756364934,221.20302763528755,3208.9863119931615
2024-01-16 11:00:00,M072,16.419249200158905,206.12071849382846,3614.9226732818106
2024-01-16 12:00:00,M073,9.600052025052708,236.2831497964474,2364.0717746656733
2024-01-16 13:00:00,M074,8.880040545732978,206.72955334802336,1715.3568723337867
2024-01-16 14:00:00,M075,6.163800416579321,219.57383171524003,1245.5210772045486
2024-01-16 15:00:00,M076,14.570753596417632,212.97785961950154,3030.7054078299543
2024-01-16 16:00:00,M077,15.081726543527896,202.7029166359485,3048.399366274297
2024-01-16 17:00:00,M078,7.295448653072502,224.0253878656955,1721.811168110385
2024-01-16 18:00:00,M079,18.05255844438616,206.81265409317845,3888.960415997184
2024-01-16 19:00:00,M080,18.53443852080131,224.5090223283481,4386.435356840681
2024-01-16 20:00:00,M081,19.38417743969974,232.05453690682697,4741.327538243473
2024-01-16 21:00:00,M082,5.12063514659726,212.34056481153686,1153.1598594545599
2024-01-16 22:00:00,M083,19.588196974289467,214.1043676750725,3915.3897273052526
2024-01-16 23:00:00,M084,12.945006663335068,200.29961656585414,2816.7611917953855
2024-01-17 00:00:00,M085,13.671175954053941,200.97734263603363,2492.082317504899
2024-01-17 01:00:00,M086,9.435872003530925,237.8924335318716,2082.004955102143
2024-01-17 02:00:00,M087,16.030796665826635,239.03252860103612,3687.350025142976
2024-01-17 03:00:00,M088,18.461145088884706,216.4579818821951,3663.8320206361386
2024-01-17 04:00:00,M089,14.80872036231491,218.23653368843938,3317.4405547761507
2024-01-17 05:00:00,M090,18.767975014841202,214.14099834445136,4037.574230898832
2024-01-17 06:00:00,M091,14.959592930289801,237.2020109907196,3280.1651910077
2024-01-17 07:00:00,M092,19.617379714878936,234.560703182515,4854.055682402073
2024-01-17 08:00:00,M093,16.907468725721706,231.12683718294,3892.0129358367226
2024-01-17 09:00:00,M094,14.497450820072217,232.16257944376494,3130.0395306849005
2024-01-17 10:00:00,M095,17.95802716175477,229.4029664457152,4072.158892344673
2024-01-17 11:00:00,M096,19.1152038069345,229.07520089612652,4565.659966895521
2024-01-17 12:00:00,M097,16.747360426037815,200.77997677975821,3565.5925356786865
2024-01-17 13:00:00,M098,16.321136434200127,235.61838877910316,4129.953148601437
2024-01-17 14:00:00,M099,8.996105403618593,222.05133529851082,2047.7485782801912
2024-01-17 15:00:00,M100,6.579616835835887,237.19739310484505,1535.4351036977453
2024-01-17 16:00:00,M001,6.366756053600842,215.29484161845596,1494.2677322332497
2024-01-17 17:00:00,M002,14.25558669239699,214.87901713292374,3292.57172748983
2024-01-17 18:00:00,M003,12.186255685860619,209.79520157525204,2580.3098117816166
2024-01-17 19:00:00,M004,13.980535646025738,221.73007516874665,2791.0649900277626
2024-01-17 20:00:00,M005,16.655517274439934,226.59128133551303,3524.2623979227337
2024-01-17 21:00:00,M006,10.986392150575922,225.0194854259563,2297.082938574649
2024-01-17 22:00:00,M007,13.629592047487039,220.72161049894106,3029.103929211393
2024-01-17 23:00:00,M008,13.171596038570996,225.2598493627729,2706.2979970887213
2024-01-18 00:00:00,M009,14.004438952715248,214.54679911165795,3205.756076700515
2024-01-18 01:00:00,M010,9.065488480497665,236.0434754160088,2029.4743978127121
2024-01-18 02:00:00,M011,12.470743869404963,223.57626564692958,2742.8204131119687
2024-01-18 03:00:00,M012,5.543609921027517,221.10160138145272,1344.621811694352
2024-01-18 04:00:00,M013,5.753930830164914,225.06078577142208,1291.194677455852
2024-01-18 05:00:00,M014,18.800460485806575,206.23065335778816,3525.862125369205
2024-01-18 06:00:00,M015,10.51145600954305,226.18420041871508,2464.070222970052
2024-01-18 07:00:00,M016,7.018999038615977,201.78699242539284,1539.250287613029
2024-01-18 08:00:00,M017,16.73100638965043,233.76701659927522,3643.8435741640915
2024-01-18 09:00:00,M018,6.144743584205243,231.1222632300594,1368.7204638701448
2024-01-18 10:00:00,M019,17.993211928966986,210.24750002947067,3631.247991454347
2024-01-18 11:00:00,M020,17.666270688017413,211.15965750546178,3839.692651337684
2024-01-18 12:00:00,M021,16.53830633106385,217.53713645066964,3837.6654583929303
2024-01-18 13:00:00,M022,17.977378132833337,223.94145656516835,3716.031917056475
2024-01-18 14:00:00,M023,12.245437190626546,238.67870510822743,2782.6593486900592
2024-01-18 15:00:00,M024,14.741895054904475,208.48823451362227,2961.0355540272963
2024-01-18 16:00:00,M025,18.315906830990837,207.3110180331902,4032.6163906218676
2024-01-18 17:00:00,M026,17.30122232444058,217.31854331577514,3544.1973659830264
2024-01-18 18:00:00,M027,5.581880703397501,234.86737326193168,1257.0510100773786
2024-01-18 19:00:00,M028,14.378125570692118,227.02855506240303,3524.1171019084522
2024-01-18 20:00:00,M029,11.78843355529602,225.97068088477914,2504.0661972621783
2024-01-18 21:00:00,M030,9.152051585651511,219.7452192710599,1966.7713863353447
2024-01-18 22:00:00,M031,6.946062922418415,222.20863970931984,1429.7626645790876
2024-01-18 23:00:00,M032,11.818121935346888,207.46042398682025,2668.504892468376
2024-01-19 00:00:00,M033,19.590226432909404,232.2125535905282,4691.059131553342
2024-01-19 01:00:00,M034,18.945309581339334,214.23524818908595,4036.376412460765
2024-01-19 02:00:00,M035,17.85396318077016,205.58825584094396,3788.3180057698564
2024-01-19 03:00:00,M036,5.505734467051399,212.71378951266732,1255.2375883073582
2024-01-19 04:00:00,M037,12.774512621499198,212.90454850840183,2516.2948075782374
2024-01-19 05:00:00,M038,15.41986900533281,223.95904713958825,3571.4827571230194
2024-01-19 06:00:00,M039,19.778558695695892,237.4136668721317,4888.114270432909
2024-01-19 07:00:00,M040,19.226290837702514,212.34750673017692,4194.382270566288
2024-01-19 08:00:00,M041,5.703224407739317,208.3813845239386,1168.3363858776538
2024-01-19 09:00:00,M042,8.646688365038031,204.32015644412036,1789.5611671313202
2024-01-19 10:00:00,M043,10.16340032842055,208.72586168248836,2039.9477911913523
2024-01-19 11:00:00,M044,10.343856461263172,215.53047404608836,2424.476413642381
2024-01-19 12:00:00,M045,9.421675320905226,215.46702671245856,2028.8539415133
2024-01-19 13:00:00,M046,5.359858229218882,234.13046299675412,1173.0839918563731
2024-01-19 14:00:00,M047,10.155736888725162,220.2647596734775,2146.9436554558965
2024-01-19 15:00:00,M048,14.835269456751227,213.68204181251798,3141.2929443558996
2024-01-19 16:00:00,M049,5.3735794056007755,217.1241246260263,1081.901344463098
2024-01-19 17:00:00,M050,14.423072800806299,226.8249275107377,3309.824572570979
2024-01-19 18:00:00,M051,18.502138224927585,205.08832340575984,4068.3068336407873
2024-01-19 19:00:00,M052,16.15601467850041,208.21021119992236,3323.748523340932
2024-01-19 20:00:00,M053,12.972949966942265,212.60756965266347,2621.085692446933
2024-01-19 21:00:00,M054,12.100126088077669,225.89590849680954,2674.219913294424
2024-01-19 22:00:00,M055,18.322527362709703,233.8177321819618,4206.504899878153
2024-01-19 23:00:00,M056,10.910697171730792,205.00346106494138,2013.5514296561091
2024-01-20 00:00:00,M057,12.874919258514979,233.39735690834522,2819.0824243410416
2024-01-20 01:00:00,M058,17.855273041497483,237.60105570699238,4159.161653189898
2024-01-20 02:00:00,M059,5.52166933996573,237.4074765826893,1211.3601786003073
2024-01-20 03:00:00,M060,10.75083932849172,202.60038487962026,2248.23864256586
2024-01-20 04:00:00,M061,15.529500015762308,205.14191951225547,3062.7286781054636
2024-01-20 05:00:00,M062,17.007562851423558,225.10774520841898,3532.4622209886907
2024-01-20 06:00:00,M063,8.962791975512094,219.46435307676015,2154.5940874123107
2024-01-20 07:00:00,M064,13.545800406291667,217.57951727993668,3197.3996600571654
2024-01-20 08:00:00,M065,18.565942582741904,229.00599703185318,3983.3403944079664
2024-01-20 09:00:00,M066,15.140012777573007,217.20521658689412,3138.161659681012
2024-01-20 10:00:00,M067,15.050307925582873,214.4105330378979,3004.6534000811907
2024-01-20 11:00:00,M068,7.527273073935723,239.81874415450866,1834.3828077866242
2024-01-20 12:00:00,M069,15.3056347450054,212.9961156909178,3020.4167645016637
2024-01-20 13:00:00,M070,12.605964022490182,202.39498617716103,2619.5956815974687
2024-01-20 14:00:00,M071,12.646878946766876,221.91950935225697,2807.341571137505
2024-01-20 15:00:00,M072,19.54181709113762,222.49254672245254,4350.1200383150235
2024-01-20 16:00:00,M073,14.800467862010022,229.709247503966,3620.3547429087635
2024-01-20 17:00:00,M074,6.7251480366432705,201.41855613993835,1313.1217260908777
2024-01-20 18:00:00,M075,18.96334503111428,236.24630799807977,4893.11452770639
2024-01-20 19:00:00,M076,15.731236630255458,234.11107602876828,3918.683291006253
2024-01-20 20:00:00,M077,8.393864014073696,235.96174356578237,2089.778015113947
2024-01-20 21:00:00,M078,18.238879419879822,224.3483582268887,3754.1183158032118
2024-01-20 22:00:00,M079,14.700034353677932,207.90942553261357,2890.265857207409
2024-01-20 23:00:00,M080,10.179983868441571,212.29067679171953,2154.288231991902
2024-01-21 00:00:00,M081,17.9432553919158,221.56890699462636,3598.238541704253
2024-01-21 01:00:00,M082,14.082663332789215,235.4154336501098,3569.6154699102544
2024-01-21 02:00:00,M083,11.950407806592743,202.64846333068635,2481.256146976329
2024-01-21 03:00:00,M084,13.215743311912556,206.01460312337005,2536.2208297356597
2024-01-21 04:00:00,M085,10.714792807162423,202.48675229634753,2328.352555463362
2024-01-21 05:00:00,M086,17.085709984207806,234.1866879514633,4011.3904228523434
2024-01-21 06:00:00,M087,17.654719434816748,215.37177458066733,3798.242614424528
2024-01-21 07:00:00,M088,8.758894043212257,225.0575351943861,2114.917980275978
2024-01-21 08:00:00,M089,11.41604292524514,231.05648950380493,2720.9859948957787
2024-01-21 09:00:00,M090,7.858557825426225,239.39585126156646,1696.3232057400314
2024-01-21 10:00:00,M091,9.515038111055258,204.45182144824741,1871.5001913595459
2024-01-21 11:00:00,M092,14.461171821979654,215.34888036275598,3267.5159237027165
2024-01-21 12:00:00,M093,8.181731622219324,203.42180411593372,1499.3292848066783
2024-01-21 13:00:00,M094,14.362265738227332,200.00889374629566,3046.059322809348
2024-01-21 14:00:00,M095,7.342547803669153,226.53316638793137,1679.4663603710696
2024-01-21 15:00:00,M096,6.562588369495018,209.5850248483264,1494.3765909397025
2024-01-21 16:00:00,M097,15.871002212247653,211.8364427703087,3156.459386004491
2024-01-21 17:00:00,M098,14.543985049125592,218.82735924578768,2901.343849659132
2024-01-21 18:00:00,M099,13.466942691845162,222.98365412756596,3071.8096049895507
2024-01-21 19:00:00,M100,8.681414471756156,225.42029941771935,1778.0239885295073
2024-01-21 20:00:00,M001,15.62797880944806,201.15701525077986,3196.893757646851
2024-01-21 21:00:00,M002,11.676201794791682,200.1709130901743,2111.201578757384
2024-01-21 22:00:00,M003,16.895069604466954,213.23886526285523,3771.214172774097
2024-01-21 23:00:00,M004,6.6369546227889025,217.10140249429782,1377.080987462525
2024-01-22 00:00:00,M005,12.833160987033153,227.6322846666984,2949.4840475844453
2024-01-22 01:00:00,M006,15.539574322925478,216.63859250292302,3320.0408216589353
2024-01-22 02:00:00,M007,9.458205202092252,229.5565928089229,1989.4921023447537
2024-01-22 03:00:00,M008,18.22962795893239,225.17745555976245,4149.461252531867
2024-01-22 04:00:00,M009,8.561383540908137,207.75758149346103,1901.8286548048336
2024-01-22 05:00:00,M010,19.195907764331523,228.1498938691688,4346.130367130603
2024-01-22 06:00:00,M011,9.245417751698911,227.84965887700693,2063.5324411418665
2024-01-22 07:00:00,M012,15.044413976496427,206.38595181027299,2816.7014905686565
2024-01-22 08:00:00,M013,13.13264841768307,221.033097433753,3107.6793332267503
2024-01-22 09:00:00,M014,19.72638309479905,238.55098551802726,4717.611415928781
2024-01-22 10:00:00,M015,16.52337542316658,220.42922263887465,3926.317567404018
2024-01-22 11:00:00,M016,11.773165149608094,233.55015973886245,2626.782306198761
2024-01-22 12:00:00,M017,11.34558197666399,237.81001182273312,2830.4537645632863
2024-01-22 13:00:00,M018,19.243189628100588,227.34939638551003,4469.050931037737
2024-01-22 14:00:00,M019,6.887535282231466,202.65684672719425,1341.94470850262
2024-01-22 15:00:00,M020,18.386073120577876,222.15917524899052,4458.170071725453
2024-01-22 16:00:00,M021,14.174896548536244,211.3154623355183,2924.3458273396677
2024-01-22 17:00:00,M022,11.795797024907268,205.40835661703917,2338.1091408007965
2024-01-22 18:00:00,M023,5.6064735019537375,226.46771883444464,1143.038422162682
2024-01-22 19:00:00,M024,14.108654181616586,202.54639926913583,2668.5997376616206
2024-01-22 20:00:00,M025,9.852761652646318,229.99875038248507,2180.43828826577
2024-01-22 21:00:00,M026,7.254025631254425,222.68305370951708,1540.524106280255
2024-01-22 22:00:00,M027,15.917430218512377,224.9037485099864,3766.105162231953
2024-01-22 23:00:00,M028,9.038707393964872,200.080468868368,1980.3834035063426
2024-01-23 00:00:00,M029,17.837191517309073,225.00680031786823,3614.9614616616195
2024-01-23 01:00:00,M030,17.879035352185312,238.43846776563936,4502.847423376822
2024-01-23 02:00:00,M031,5.684470868981148,237.4716726780594,1405.443131088407
2024-01-23 03:00:00,M032,11.919699250121269,229.14188997650356,2936.310952108915
2024-01-23 04:00:00,M033,13.063590942977852,236.6368787587886,2961.361214530317
2024-01-23 05:00:00,M034,5.141508895812669,236.58888314890925,1148.9655858990086
2024-01-23 06:00:00,M035,5.708309049862309,218.9589800088594,1234.3881296815216
2024-01-23 07:00:00,M036,17.066423903757943,219.75479794320452,3891.254334838701
2024-01-23 08:00:00,M037,5.198057098882247,207.68850250101616,1173.9416490564158
2024-01-23 09:00:00,M038,11.677609528799742,220.72387134290744,2590.352793728841
2024-01-23 10:00:00,M039,11.43761624126716,215.5682941010068,2343.300234654081
2024-01-23 11:00:00,M040,14.15010253674337,225.50198441404467,3325.675144540214
2024-01-23 12:00:00,M041,5.346222562151695,217.4143208019839,1165.9918944961178
2024-01-23 13:00:00,M042,5.478926823659095,233.61285209129952,1179.821126165779
2024-01-23 14:00:00,M043,6.1278067843823,211.1115490232557,1389.229611250481
2024-01-23 15:00:00,M044,6.726067309106005,220.33113865090556,1340.769341328363
2024-01-23 16:00:00,M045,5.1760490342926255,230.95859600177675,1109.056670754087
2024-01-23 17:00:00,M046,11.614590845148445,206.3453042116154,2497.7899710719003
2024-01-23 18:00:00,M047,10.37673965024284,201.04313807954946,2117.722301968585
2024-01-23 19:00:00,M048,18.06625789611756,208.58132716549343,4120.289783665965
2024-01-23 20:00:00,M049,12.973643648281557,227.29450881684608,3232.1587067843784
2024-01-23 21:00:00,M050,11.536102087840794,237.46820758252488,2652.713473965732
2024-01-23 22:00:00,M051,11.506965071668155,233.30005826824376,2703.447525507247
2024-01-23 23:00:00,M052,13.882107348856477,237.55100565958853,3067.228414334574
2024-01-24 00:00:00,M053,15.378968698863455,209.16148573182124,3505.705395240919
2024-01-24 01:00:00,M054,13.170712080561128,226.90158335850634,2924.6444688962442
2024-01-24 02:00:00,M055,6.372848155235408,212.73492437948394,1488.2397031002783
2024-01-24 03:00:00,M056,7.376328481006057,226.46023579865965,1694.64490373954
2024-01-24 04:00:00,M057,11.60819770154653,203.97063080729492,2278.74469419233
2024-01-24 05:00:00,M058,6.20354646713351,233.14098126544533,1362.7632585874953
2024-01-24 06:00:00,M059,6.8752766434637005,227.3094958146843,1476.525817959579
2024-01-24 07:00:00,M060,15.044643112171075,222.2700973302723,3359.661048475905
2024-01-24 08:00:00,M061,19.024196384037367,225.759224918445,4208.555787818085
2024-01-24 09:00:00,M062,8.064190731981089,205.3594794094655,1673.5049771975346
2024-01-24 10:00:00,M063,6.998518899912588,222.12305152416462,1684.5762989806883
2024-01-24 11:00:00,M064,9.792675285618147,231.84801909511856,2168.185824106702
2024-01-24 12:00:00,M065,15.209006951664968,223.4634705551351,3286.380533008495
2024-01-24 13:00:00,M066,11.474268265200577,216.02405779150143,2629.6840545037785
2024-01-24 14:00:00,M067,12.694018602354525,227.0513163302719,2617.599704935455
2024-01-24 15:00:00,M068,6.229841984417242,204.01832906027002,1161.8510089433016
2024-01-24 16:00:00,M069,14.250772549307428,230.25985378369643,3557.6099397727025
2024-01-24 17:00:00,M070,6.92954610740524,203.99667110195244,1361.2630161736429
2024-01-24 18:00:00,M071,15.483194884871999,235.69071828263634,3350.8060970194138
2024-01-24 19:00:00,M072,8.270675043456691,227.65343948399604,2027.942942560692
2024-01-24 20:00:00,M073,6.775592254055898,235.3569295837546,1683.63426906637
2024-01-24 21:00:00,M074,14.687045544221336,228.99562472143322,3391.271562175014
2024-01-24 22:00:00,M075,6.6099983151495785,229.22461381242152,1555.9182685504425
2024-01-24 23:00:00,M076,19.382361608443205,235.6927320930505,4836.514652817687
2024-01-25 00:00:00,M077,6.132119870064505,214.6718655427673,1410.2817291010658
2024-01-25 01:00:00,M078,10.384378163120164,231.85732282838268,2388.9880787222237
2024-01-25 02:00:00,M079,18.794762491695465,204.26248573643863,3546.1586995789035
2024-01-25 03:00:00,M080,6.771655555034095,232.84612896824135,1616.4211509060465
2024-01-25 04:00:00,M081,12.183499284552337,203.9725330674721,2257.0607036509423
2024-01-25 05:00:00,M082,14.907376248288474,226.48777242592243,3402.003871581862
2024-01-25 06:00:00,M083,10.149467672396268,235.94101914689085,2341.7598780263415
2024-01-25 07:00:00,M084,5.158384537603266,233.34931967686663,1095.861281788004
2024-01-25 08:00:00,M085,10.615593822045172,234.88789042335333,2315.140557783267
2024-01-25 09:00:00,M086,7.517772940941759,211.95429105292823,1615.9768074365934
2024-01-25 10:00:00,M087,10.613039741859591,203.95568836112028,2010.7301449424488
2024-01-25 11:00:00,M088,14.049927272160614,211.4483502634087,3122.8449612323975
2024-01-25 12:00:00,M089,7.2754621815499325,210.51879165557753,1487.20939189749
2024-01-25 13:00:00,M090,16.72990345411732,215.96086348439226,3955.8452503121484
2024-01-25 14:00:00,M091,6.894297054359765,215.76006352713756,1576.3995406799345
2024-01-25 15:00:00,M092,11.113942984648867,200.1854221117486,2330.363531334456
2024-01-25 16:00:00,M093,19.70683881517547,200.93383650142607,3587.0903470577464
2024-01-25 17:00:00,M094,6.650320344482734,217.4510071402327,1568.6449922642657
2024-01-25 18:00:00,M095,7.130473755765996,233.17535155848014,1697.3470048932481
2024-01-25 19:00:00,M096,18.19935236207563,218.6105986247045,3950.714984803346
2024-01-25 20:00:00,M097,10.000966971927959,236.59456138631012,2371.909390595661
2024-01-25 21:00:00,M098,8.081730638755271,228.07834137265897,1951.6836080743426
2024-01-25 22:00:00,M099,16.83542979106946,229.71283558313894,3600.2580365831195
2024-01-25 23:00:00,M100,12.114175698749124,226.0623453066334,2784.0768944547644
2024-01-26 00:00:00,M001,9.263579815112156,213.05517771850407,1945.4105773434555
2024-01-26 01:00:00,M002,8.152208444515406,217.2307354989076,1915.784675154975
2024-01-26 02:00:00,M003,10.369550301995982,218.6619916275127,2233.7026148532277
2024-01-26 03:00:00,M004,17.464686334984428,213.99390843370924,3758.291544235354
2024-01-26 04:00:00,M005,15.577135579084342,224.8110297170307,3387.690447877607
2024-01-26 05:00:00,M006,8.282693610695043,206.9996938901586,1826.4049923270506
2024-01-26 06:00:00,M007,5.589367687373477,227.25359436503695,1244.5822721488366
2024-01-26 07:00:00,M008,6.1766313885382615,227.66260667029394,1318.7942824820693
2024-01-26 08:00:00,M009,16.53871246557067,218.0139132774244,3944.2007527349597
2024-01-26 09:00:00,M010,14.403024316225371,227.77709898082526,3368.8089148681074
2024-01-26 10:00:00,M011,5.180315601701458,216.4972363362956,1093.093890570829
2024-01-26 11:00:00,M012,9.968698858685404,232.3827492592659,2265.5336478891645
2024-01-26 12:00:00,M013,19.957843631307817,236.48921967158304,5146.369282542706
2024-01-26 13:00:00,M014,15.430966709293289,209.4739600614217,3392.2402566377627
2024-01-26 14:00:00,M015,11.276117605111915,231.08178817028974,2642.976767937596
2024-01-26 15:00:00,M016,17.00017906353387,211.9192355121391,3524.8993469583606
2024-01-26 16:00:00,M017,13.94973918266098,215.60163376807753,2753.3847358138473
2024-01-26 17:00:00,M018,16.20277503186219,235.56234578948298,3824.748204892796
2024-01-26 18:00:00,M019,12.58485182164658,216.97243586545977,2539.7717923975642
2024-01-26 19:00:00,M020,19.616981467191934,214.65960182362915,4338.67455925356
2024-01-26 20:00:00,M021,18.68082931573166,213.0589092343277,4017.54509059582
2024-01-26 21:00:00,M022,18.373768354116617,217.4127836447467,4086.40073998392
2024-01-26 22:00:00,M023,10.10132686101505,239.68658137410347,2654.222915222249
2024-01-26 23:00:00,M024,14.466807849293632,237.68270707655066,3541.257218756974
2024-01-27 00:00:00,M025,10.529398208001854,202.38421654192868,2009.182052799257
2024-01-27 01:00:00,M026,15.043281166535097,200.3381595206846,2968.5873846576537
2024-01-27 02:00:00,M027,16.001453889776812,233.9810291567555,3636.0461574680544
2024-01-27 03:00:00,M028,8.872135358333487,236.94606216234408,2068.311946132237
2024-01-27 04:00:00,M029,13.624293344028699,215.6245000228371,2830.6985545463876
2024-01-27 05:00:00,M030,17.932450001695628,224.9978443517848,3663.1293612503555
2024-01-27 06:00:00,M031,6.852136849925205,227.4359742759546,1490.7498270593169
2024-01-27 07:00:00,M032,17.6742233929393,219.64995438013594,3864.2083996708407
2024-01-27 08:00:00,M033,8.149107101436233,224.6836549835132,1938.0796617659603
2024-01-27 09:00:00,M034,19.253842797029648,214.89021381217404,3949.699819019697
2024-01-27 10:00:00,M035,7.542225320533369,227.3313296863381,1759.7745139095414
2024-01-27 11:00:00,M036,11.735073632364744,228.86319149864954,2864.27010233661
2024-01-27 12:00:00,M037,18.271087874904683,212.27007841819224,3855.137022414331
2024-01-27 13:00:00,M038,6.988464260366676,225.41688219715323,1601.536625263906
2024-01-27 14:00:00,M039,10.216230489440099,237.95030190701877,2415.587278667354
2024-01-27 15:00:00,M040,19.28530009005047,234.09601592814346,4299.700735170906
2024-01-27 16:00:00,M041,5.987287535095142,237.0817472396597,1302.0042988271643
2024-01-27 17:00:00,M042,13.651361288798254,217.5291273052994,2832.7945105899234
2024-01-27 18:00:00,M043,7.363038198169977,202.21701438882585,1608.0048305991434
2024-01-27 19:00:00,M044,15.960450848409607,231.45098530640774,3338.152457296401
2024-01-27 20:00:00,M045,12.732307304172622,218.66397264057264,2994.2075480457097
2024-01-27 21:00:00,M046,8.314697247229507,212.01484296992322,1731.896254689089
2024-01-27 22:00:00,M047,15.473397513803985,227.82206583824626,3284.153155994473
2024-01-27 23:00:00,M048,18.653853550994043,209.0020015498981,3918.8320607152
2024-01-28 00:00:00,M049,16.27185743242483,232.45484079627022,3946.517859434413
2024-01-28 01:00:00,M050,15.972920147818334,239.73152945351268,4106.052796023091
2024-01-28 02:00:00,M051,8.099816112997967,223.74478066870682,1637.7945139379876
2024-01-28 03:00:00,M052,16.40285706235209,213.83804680817673,3368.2267746114603
2024-01-28 04:00:00,M053,14.650177449360115,222.90287221222414,3350.086516680111
2024-01-28 05:00:00,M054,14.451710970462674,202.2653847110407,3108.582271482653
2024-01-28 06:00:00,M055,6.297481643903366,215.74088888465388,1490.9760034976166
2024-01-28 07:00:00,M056,11.782388857211863,238.8910548721108,2678.4709682452603
2024-01-28 08:00:00,M057,16.88954238221445,225.1374042939812,3745.7168880897857
2024-01-28 09:00:00,M058,17.57421767262469,233.0257899533836,3704.6271677621853
2024-01-28 10:00:00,M059,19.043225088456463,207.72435656027676,4105.185339531989
2024-01-28 11:00:00,M060,9.742677743593092,236.58497231338333,2320.882883314375
2024-01-28 12:00:00,M061,6.227843457477785,232.97375270160026,1462.6366293594133
2024-01-28 13:00:00,M062,11.922387323083186,213.09288770830952,2332.2796603756615
2024-01-28 14:00:00,M063,11.743260423815096,227.8815412562987,2777.3757402893516
2024-01-28 15:00:00,M064,9.886542635066554,206.47098028670518,2153.979592203336
2024-01-28 16:00:00,M065,17.449612415663417,237.7372452503526,4343.390945908852
2024-01-28 17:00:00,M066,16.955496104773324,239.53147138534484,3973.222245646728
2024-01-28 18:00:00,M067,16.624593681552522,215.47747601241798,3667.588338059843
2024-01-28 19:00:00,M068,7.448449167643981,232.53468897629057,1820.7421056045018
2024-01-28 20:00:00,M069,14.833530049797917,222.0523604443455,3396.1683132303715
2024-01-28 21:00:00,M070,16.673013028213653,202.64329784176402,3248.623108259166
2024-01-28 22:00:00,M071,12.380674999643812,223.26970595553433,2869.4181180728388
2024-01-28 23:00:00,M072,9.46962090731174,236.83577209484963,2233.685403162209
2024-01-29 00:00:00,M073,5.537600056173689,204.13077034943947,1088.4089731857753
2024-01-29 01:00:00,M074,13.12753478945213,233.96566362344032,3369.117881752805
2024-01-29 02:00:00,M075,10.322119705828834,218.0665529805965,2228.159221814247
2024-01-29 03:00:00,M076,19.171985174330977,236.0023565429997,4615.438448982988
2024-01-29 04:00:00,M077,17.897128394511185,207.20823669368738,3882.3600523470795
2024-01-29 05:00:00,M078,6.224905286334333,222.1039805334563,1401.7013968600766
2024-01-29 06:00:00,M079,8.840874437038604,209.89866582154167,1758.2626745204343
2024-01-29 07:00:00,M080,15.5141121425128,236.8298701762516,3674.427286274611
2024-01-29 08:00:00,M081,17.84716721102714,211.57742910768746,3616.0444665076748
2024-01-29 09:00:00,M082,16.676756611074644,226.0944957248807,3500.5303135654126
2024-01-29 10:00:00,M083,19.168451066141486,239.90104576442664,4231.948664043417
2024-01-29 11:00:00,M084,12.080598496693929,200.08866986546013,2634.4311403652123
2024-01-29 12:00:00,M085,9.498028870465488,201.62480693096717,1972.5343948467087
2024-01-29 13:00:00,M086,6.124981684976493,230.82321563309804,1282.855988160713
2024-01-29 14:00:00,M087,15.018580776186178,220.88150961963464,3250.6774100729017
2024-01-29 15:00:00,M088,11.055791114607452,204.3272964335304,2036.7076115816965
2024-01-29 16:00:00,M089,17.966775313477726,204.70195984478093,3792.262174533101
2024-01-29 17:00:00,M090,17.626262722829807,222.13081963503834,3909.454599057208
2024-01-29 18:00:00,M091,9.474038624864187,239.3166799505531,2123.4069197109034
2024-01-29 19:00:00,M092,12.799892593649268,228.37160461771188,2687.2518262250724
2024-01-29 20:00:00,M093,8.92641925900783,205.07724746401394,1653.6067599042485
2024-01-29 21:00:00,M094,10.75160368004435,217.08285990943372,2104.652617232461
2024-01-29 22:00:00,M095,10.624027306667857,220.16912121977288,2483.887372677267
2024-01-29 23:00:00,M096,6.028717125305008,210.01371869645746,1196.4272480481159
2024-01-30 00:00:00,M097,18.826364929267832,209.5456097947767,3647.1159313149024
2024-01-30 01:00:00,M098,16.913709971363417,212.7459701992726,3332.7153336865094
2024-01-30 02:00:00,M099,16.602658399788165,209.49168929625458,3284.912799587678
2024-01-30 03:00:00,M100,9.62217325736379,230.38905787696314,2055.856321032544
2024-01-30 04:00:00,M001,9.679963802324853,203.68613486003392,1847.2840512147498
2024-01-30 05:00:00,M002,17.54558291460842,204.2347619427328,3865.8744754132326
2024-01-30 06:00:00,M003,10.506703542999235,205.36767801970498,2273.87533832609
2024-01-30 07:00:00,M004,11.965933754113788,213.47077823743192,2441.787474296997
2024-01-30 08:00:00,M005,14.58839692297383,214.93139823686968,2873.632463122816
2024-01-30 09:00:00,M006,7.763306181972725,217.56690505155458,1786.4929364950995
2024-01-30 10:00:00,M007,16.417848375002052,217.4467690664426,3758.1734599440338
2024-01-30 11:00:00,M008,8.787725927245488,239.20129895932254,2113.805308676936
2024-01-30 12:00:00,M009,19.009879859021538,203.67957073069027,4001.7698981203002
2024-01-30 13:00:00,M010,14.480233367368417,214.4693728906647,3056.7899820722064
2024-01-30 14:00:00,M011,17.9390512878375,211.8812552490381,4066.298382340461
2024-01-30 15:00:00,M012,19.15294544692444,231.2956908723321,4402.501785685226
2024-01-30 16:00:00,M013,7.362455321252115,227.8585464863403,1574.0458025775963
2024-01-30 17:00:00,M014,11.778259596569434,230.24521647074508,2776.48261196332
2024-01-30 18:00:00,M015,7.316666652054954,201.27046213466872,1589.1566051200175
2024-01-30 19:00:00,M016,14.63964118997885,221.87057906053312,3263.9869499341644
2024-01-30 20:00:00,M017,10.361723306580041,205.76952151817588,2222.109507018893
2024-01-30 21:00:00,M018,14.814636859175277,208.2002210768917,2776.004050785065
2024-01-30 22:00:00,M019,18.779655118868032,216.09380851715957,4383.397934910208
2024-01-30 23:00:00,M020,8.122142013452574,213.26219072684205,1766.992732806929
2024-01-31 00:00:00,M021,17.380446977232758,231.08412089991674,3751.691881098131
2024-01-31 01:00:00,M022,5.729327778999416,232.49168614729126,1266.2003770163167
2024-01-31 02:00:00,M023,18.408591348180586,223.3924263817899,4296.618865781108
2024-01-31 03:00:00,M024,6.354874384104705,233.3767088680712,1434.763827320162
2024-01-31 04:00:00,M025,19.03894014626984,232.38646178086628,4321.023103773567
2024-01-31 05:00:00,M026,19.655686549239412,209.50108385566637,3839.239187493907
2024-01-31 06:00:00,M027,10.025166932832587,200.29296144889065,2063.6834861711277
2024-01-31 07:00:00,M028,16.74581075789097,215.67992316799877,3323.1835795039133
2024-01-31 08:00:00,M029,9.33770907307269,206.71951667008202,2030.6804064688981
2024-01-31 09:00:00,M030,5.759053414111817,220.8187003160089,1232.4559758793328
2024-01-31 10:00:00,M031,17.28979725090101,230.56430823181242,4106.78873834543
2024-01-31 11:00:00,M032,11.689450688523916,234.59927790093337,3007.4654271824393
2024-01-31 12:00:00,M033,8.325420722811867,237.36129290056107,2161.3452057844734
2024-01-31 13:00:00,M034,7.091534893866518,218.02745527245722,1486.2322565825145
2024-01-31 14:00:00,M035,13.896807267045176,225.70850636987228,3249.6582290028277
2024-01-31 15:00:00,M036,10.415952308667803,200.82570963390273,2084.918633339985
2024-01-31 16:00:00,M037,19.124040939940897,217.1851442453673,4315.781216794116
2024-01-31 17:00:00,M038,13.294880071245544,218.32379514358982,3184.1525782413773
2024-01-31 18:00:00,M039,14.286929360742887,232.42031815675466,3507.839781276437
2024-01-31 19:00:00,M040,17.44350439148957,207.21684307537333,3373.5564111363315
2024-01-31 20:00:00,M041,17.135521595450466,221.93638021222867,3616.5382300273645
2024-01-31 21:00:00,M042,12.73658854889991,214.94773276271266,2519.651056279025
2024-01-31 22:00:00,M043,11.83878115706045,206.5841781078948,2630.7832682145804
2024-01-31 23:00:00,M044,13.889378690486538,226.36695316613407,2928.0681434651856
2024-02-01 00:00:00,M045,19.992330772490583,223.37225617172118,4870.906358380883
2024-02-01 01:00:00,M046,12.44656609396095,218.60425543894385,2916.564571067418
2024-02-01 02:00:00,M047,16.957394432063893,209.69667344675005,3307.224287714181
2024-02-01 03:00:00,M048,13.158413549660285,230.3113923167239,2897.4852602524384
2024-02-01 04:00:00,M049,10.51333047560901,237.26764089283836,2633.832245707208
2024-02-01 05:00:00,M050,6.028991801805728,236.08240076505248,1361.5429757912057
2024-02-01 06:00:00,M051,16.490353482148734,207.40978233735004,3648.675672428835
2024-02-01 07:00:00,M052,10.845997706186992,202.29207681605288,2065.148220294341
2024-02-01 08:00:00,M053,16.58326917498576,231.60309743593714,4198.337191412205
2024-02-01 09:00:00,M054,17.390270085516242,208.9254893952444,3335.410851780813
2024-02-01 10:00:00,M055,19.522894847513133,214.8174534348897,4335.0367733928715
2024-02-01 11:00:00,M056,5.408639878878802,206.45495024706827,1155.3986692977528
2024-02-01 12:00:00,M057,15.500722714086308,204.84192827445705,2908.364487360888
2024-02-01 13:00:00,M058,5.0388606721657005,208.76628464035895,976.2502761927157
2024-02-01 14:00:00,M059,6.024686626781444,201.89838458171326,1152.4686817402617
2024-02-01 15:00:00,M060,12.098724689087856,222.0907380644944,2831.299239416407
2024-02-01 16:00:00,M061,5.326151720927762,225.67640509722423,1274.0360760355427
2024-02-01 17:00:00,M062,8.963002998835991,206.59661273982644,1786.067350089096
2024-02-01 18:00:00,M063,9.058292434419535,204.2040485800654,1672.5497894966416
2024-02-01 19:00:00,M064,15.974514654087958,231.00251673502495,3936.97900148226
2024-02-01 20:00:00,M065,5.608282873219816,233.90643740766598,1303.4507663714091
2024-02-01 21:00:00,M066,11.231366799725526,210.39475049993356,2568.0418131324946
2024-02-01 22:00:00,M067,11.214770941370364,236.11343090244668,2714.103198012681
2024-02-01 23:00:00,M068,17.323364699248643,218.1363219763109,4155.699097584317
2024-02-02 00:00:00,M069,16.86582481473834,210.74947947103414,3624.8453258325303
2024-02-02 01:00:00,M070,12.185037474304323,207.7846364791306,2772.188793204857
2024-02-02 02:00:00,M071,13.197202372857044,209.4809754323815,2719.9322568308517
2024-02-02 03:00:00,M072,10.48993578025609,213.7630520396962,2197.766178484627
2024-02-02 04:00:00,M073,8.394857746547927,200.16981706507048,1822.8864135882648
2024-02-02 05:00:00,M074,7.34396199384064,218.60277199099434,1596.8034633406535
2024-02-02 06:00:00,M075,15.980318983160133,216.19482442143524,3292.365014697823
2024-02-02 07:00:00,M076,15.554979708244026,202.01603976784855,3379.2299025849215
2024-02-02 08:00:00,M077,14.634154536318784,206.79572494462266,3319.1050181782107
2024-02-02 09:00:00,M078,7.16612944278772,204.64211076231717,1483.4584366694246
2024-02-02 10:00:00,M079,11.393228857886442,212.10258270600124,2402.7148590082265
2024-02-02 11:00:00,M080,6.64420445199603,239.25888203526523,1695.4662423790705
2024-02-02 12:00:00,M081,8.404089472722422,211.9422915255987,1795.9049099789918
2024-02-02 13:00:00,M082,10.151405245793992,221.49357319441327,2230.999184256951
2024-02-02 14:00:00,M083,13.400396931487432,208.1293894762661,2747.5208506955328
2024-02-02 15:00:00,M084,12.293004166661877,213.7904074220928,2659.723209586743
2024-02-02 16:00:00,M085,9.814486863381237,238.31406544198646,2200.4131483490164
2024-02-02 17:00:00,M086,19.00116789315509,234.6967325383359,4428.6910292995
2024-02-02 18:00:00,M087,14.134564033257766,210.3077943481531,2924.7411233969283
2024-02-02 19:00:00,M088,10.003314163187671,235.816649861516,2287.5574963369586
2024-02-02 20:00:00,M089,16.115330243300907,227.43070477571626,3691.9318430003577
2024-02-02 21:00:00,M090,12.559910542177711,230.78473605549692,2778.6346716876765
2024-02-02 22:00:00,M091,14.397766046411512,218.888520213207,2901.2666758309715
2024-02-02 23:00:00,M092,13.622314281702328,203.20359502941457,2725.1419085002362
2024-02-03 00:00:00,M093,15.723417646269647,214.4407746892698,3140.3986685538002
2024-02-03 01:00:00,M094,15.508454065201684,232.9965871164302,3563.234676969998
2024-02-03 02:00:00,M095,19.04653873679845,223.0668775502147,3930.9488534618517
2024-02-03 03:00:00,M096,14.77460395711356,200.0438804045362,2746.6360825997035
2024-02-03 04:00:00,M097,5.526936295076347,230.07926434077885,1370.558223825903
2024-02-03 05:00:00,M098,11.593720112010455,220.64540648167065,2424.9438095955984
2024-02-03 06:00:00,M099,13.111114988126552,238.53569116320588,2823.4771149208364
2024-02-03 07:00:00,M100,10.09172031499184,208.88070250819501,2118.1181160524466
2024-02-03 08:00:00,M001,13.59416897334243,208.76668295272785,2955.0330552980663
2024-02-03 09:00:00,M002,13.108206625929544,210.1887973081856,2878.6266267948595
2024-02-03 10:00:00,M003,12.330916950876189,220.18079897618165,2868.448863826262
2024-02-03 11:00:00,M004,9.438157471720963,215.85672759904378,2194.71123828691
2024-02-03 12:00:00,M005,8.093675005869152,232.94317760503688,1759.5294375717579
2024-02-03 13:00:00,M006,8.593723869207013,229.15311050753382,1923.8212038017698
2024-02-03 14:00:00,M007,8.708331330556405,230.34523052781455,1856.038779303347
2024-02-03 15:00:00,M008,13.189118777219248,234.97157156915455,2930.2119189685
2024-02-03 16:00:00,M009,9.62361148917779,208.83085765115055,2084.191126170275
2024-02-03 17:00:00,M010,6.49814088996202,239.09193422376518,1490.9645501886557
2024-02-03 18:00:00,M011,9.575327578348855,236.69659552634306,2273.384515572368
2024-02-03 19:00:00,M012,7.723083627837047,205.92603968266303,1455.7209009908365
2024-02-03 20:00:00,M013,11.41381142846458,239.27581341237448,2850.557322859413
2024-02-03 21:00:00,M014,13.33421104461705,206.31805935216758,2500.1364342565435
2024-02-03 22:00:00,M015,13.294860702051892,216.67824694197432,3033.2461064621184
2024-02-03 23:00:00,M016,7.291397170220524,230.21118867068174,1659.093119852326
2024-02-04 00:00:00,M017,10.702013892072795,207.31266129848544,2306.6000074737644
2024-02-04 01:00:00,M018,18.559960964889044,211.83518653447933,3916.110605430486
2024-02-04 02:00:00,M019,16.279558411895486,233.33087671269416,4175.1134557153255
2024-02-04 03:00:00,M020,6.955417426699639,204.18522356577972,1552.0504837165147
2024-02-04 04:00:00,M021,10.218713132064856,237.42148578173266,2510.9200259234876
2024-02-04 05:00:00,M022,16.98861792390052,237.69298069817225,4171.863579557146
2024-02-04 06:00:00,M023,9.206035113702999,206.3330588941199,2015.8620117181601
2024-02-04 07:00:00,M024,10.262944729339816,235.7127492025081,2368.1347889102362
2024-02-04 08:00:00,M025,5.5673000992033845,225.35347229923931,1309.3460479184687
2024-02-04 09:00:00,M026,15.312914918118421,205.20799889946062,3261.1249353226617
2024-02-04 10:00:00,M027,11.295446426183624,220.54412169663513,2619.4002155622998
2024-02-04 11:00:00,M028,15.558222491759905,223.58384200600852,3776.315930941679
2024-02-04 12:00:00,M029,9.899465525364382,201.2305501276422,1941.485439227206
2024-02-04 13:00:00,M030,10.235335621572462,227.3291969128088,2337.6599134268145
2024-02-04 14:00:00,M031,6.696736276973516,209.1135461058559,1344.418018658446
2024-02-04 15:00:00,M032,9.363679334028053,238.53112538153846,2343.872738166051
2024-02-04 16:00:00,M033,5.032948436760493,220.38314028474844,1179.6330295729797
2024-02-04 17:00:00,M034,13.376868243572627,217.67584601393048,2843.468960618566
2024-02-04 18:00:00,M035,7.594798536906949,235.42365796604452,1792.990702903136
2024-02-04 19:00:00,M036,5.094659370927069,239.74719470913033,1186.4740839051426
2024-02-04 20:00:00,M037,13.543228531000654,208.52106029129416,3037.5139316850477
2024-02-04 21:00:00,M038,12.463023346721812,204.77652767704038,2416.2348802125684
2024-02-04 22:00:00,M039,7.740441342473462,230.0143676110788,1667.1480474999614
2024-02-04 23:00:00,M040,18.940716518697442,205.37179376150323,4056.1409586574423
2024-02-05 00:00:00,M041,16.879791384778542,213.1560306534956,3760.486410353335
2024-02-05 01:00:00,M042,7.89637625330851,231.77935225021355,1839.6134589218584
2024-02-05 02:00:00,M043,18.623565756175797,218.32246181832267,3698.850733671386
2024-02-05 03:00:00,M044,15.836981580582217,205.48752464734028,3049.608859940262
2024-02-05 04:00:00,M045,19.548168706082798,201.2408303489186,3820.5204232893507
2024-02-05 05:00:00,M046,7.221061249092875,204.1278349524076,1546.7153213757326
2024-02-05 06:00:00,M047,18.75910954301997,202.74709854163459,4077.4818185805016
2024-02-05 07:00:00,M048,7.86222796939564,229.59595466655102,1629.6889157634453
2024-02-05 08:00:00,M049,18.457602789497855,226.7525899362082,3881.0759372199127
2024-02-05 09:00:00,M050,6.322049347345672,234.0656241736175,1526.6820288516078
2024-02-05 10:00:00,M051,19.11819970499517,204.94105439207897,3849.4014596922343
2024-02-05 11:00:00,M052,13.581689969108066,235.94439540928192,3142.8939165885217
2024-02-05 12:00:00,M053,9.798005937895592,219.40647919394598,2026.4094040014306
2024-02-05 13:00:00,M054,14.103329172265878,225.07016694942675,3222.7647269620747
2024-02-05 14:00:00,M055,9.260791596229389,217.87365785493566,1963.7105338123006
2024-02-05 15:00:00,M056,6.893514487497645,205.2558786351915,1503.1974790994377
2024-02-05 16:00:00,M057,7.001587283816173,237.38588679572314,1548.635968734913
2024-02-05 17:00:00,M058,14.73014913191888,233.72941206649438,3643.4710587494214
2024-02-05 18:00:00,M059,13.812911770775006,205.13066830366418,2735.3321907223813
2024-02-05 19:00:00,M060,8.756011058960013,232.0771194684318,1841.2851150427873
2024-02-05 20:00:00,M061,12.921369335006133,212.983333585811,2896.6482559981446
2024-02-05 21:00:00,M062,12.925787928349234,200.85552321900914,2441.091593460771
2024-02-05 22:00:00,M063,6.195201365984682,207.30658443750673,1280.075278016227
2024-02-05 23:00:00,M064,14.621238351178594,218.43776364286293,3491.016048303569
2024-02-06 00:00:00,M065,10.248909187804209,237.64187031947415,2293.3962371223965
2024-02-06 01:00:00,M066,14.92698238585361,223.83822635072698,3563.679894766925
2024-02-06 02:00:00,M067,8.618800373350647,214.857551809851,1808.6659637668445
2024-02-06 03:00:00,M068,19.663090667711984,235.97714923664518,4660.05519244268
2024-02-06 04:00:00,M069,15.54941963549585,219.93151792047672,3363.997090956831
2024-02-06 05:00:00,M070,13.792132290032976,218.68356335054804,3105.696190598657
2024-02-06 06:00:00,M071,12.008652051639015,238.3580877408357,2669.0278367331744
2024-02-06 07:00:00,M072,19.26367845093224,215.63662297317396,4340.612490651889
2024-02-06 08:00:00,M073,14.422111569724802,203.0397569899322,3163.087049839723
2024-02-06 09:00:00,M074,19.02795918492464,215.17580273339883,4282.337894575572
2024-02-06 10:00:00,M075,13.038853739100189,216.8551356447584,2824.7588033719308
2024-02-06 11:00:00,M076,14.581404410974653,230.62265364575953,3344.0268560508393
2024-02-06 12:00:00,M077,11.18896885274516,208.02912345453473,2525.8974925134758
2024-02-06 13:00:00,M078,11.047798783589972,230.35299495379442,2678.4362368897373
2024-02-06 14:00:00,M079,18.016804256066756,213.67735002009672,3558.9722892441873
2024-02-06 15:00:00,M080,13.315074470052192,218.92067950065638,3093.969920856608
2024-02-06 16:00:00,M081,16.218682488407595,234.65811992252372,3882.9104638331783
2024-02-06 17:00:00,M082,10.338563416344414,234.7960683019821,2352.9033548106913
2024-02-06 18:00:00,M083,15.803275474660213,232.20952807221454,3477.8370887630276
2024-02-06 19:00:00,M084,11.579615638718288,205.86593782591413,2431.862370627651
2024-02-06 20:00:00,M085,18.196720253088245,211.02490370920196,3800.1364113637997
2024-02-06 21:00:00,M086,19.697380254381052,230.96421870997963,4991.490496484313
2024-02-06 22:00:00,M087,9.477497157638071,203.97266895451241,1875.5436448211003
2024-02-06 23:00:00,M088,5.1401581314300895,213.9377706094503,1098.2085698819162
2024-02-07 00:00:00,M089,18.842499431689365,234.06965333949296,4675.768630470043
2024-02-07 01:00:00,M090,10.477527179140985,204.2743352341501,2165.6928688184935
2024-02-07 02:00:00,M091,10.999474169300145,227.98969706734422,2480.4674030367714
2024-02-07 03:00:00,M092,17.30687442752572,202.38508805127717,3689.3460617006804
2024-02-07 04:00:00,M093,11.665811739003669,212.82242579920475,2708.9759094167375
2024-02-07 05:00:00,M094,12.28102749101219,226.46668848802176,2569.8475657424106
2024-02-07 06:00:00,M095,9.829829840370731,203.80481917998327,2136.8386539567828
2024-02-07 07:00:00,M096,13.33764261728694,210.6063701741048,2873.989589087512
2024-02-07 08:00:00,M097,11.038878997747755,221.76466363674598,2266.9090229590884
2024-02-07 09:00:00,M098,7.29454468621951,239.70569857108262,1618.9539610375593
2024-02-07 10:00:00,M099,19.40976986775507,229.39175545657807,4509.559225863916
2024-02-07 11:00:00,M100,11.026483137466943,211.48218614183284,2363.350292523378
2024-02-07 12:00:00,M001,8.238577545258794,211.18320744605714,1614.9226150175357
2024-02-07 13:00:00,M002,16.10402635982066,214.05265332496958,3425.46113366415
2024-02-07 14:00:00,M003,9.415240756275704,224.23081363503957,1944.1516362861412
2024-02-07 15:00:00,M004,5.639974346073251,220.53055302581356,1303.7746470791014
2024-02-07 16:00:00,M005,8.36136186403088,215.4151694295694,1794.1892647127179
2024-02-07 17:00:00,M006,13.871560519806216,235.26103512815354,3472.83851478741
2024-02-07 18:00:00,M007,11.26795676131369,200.22065474045462,2234.0680819524323
2024-02-07 19:00:00,M008,14.017316491264168,201.40718667101325,3078.4669116781806
2024-02-07 20:00:00,M009,18.588683708814187,204.91381725698085,3438.259783151789
2024-02-07 21:00:00,M010,11.957369287733329,239.75948595924635,3047.9063927933084
2024-02-07 22:00:00,M011,6.318308314626695,239.3189334787752,1463.018600055514
2024-02-07 23:00:00,M012,13.55390482472886,231.37677157203169,3098.302345900823
2024-02-08 00:00:00,M013,15.16920426009326,234.55022813245222,3406.6318248669436
2024-02-08 01:00:00,M014,5.586110748247128,238.03611355547707,1304.4254120599417
2024-02-08 02:00:00,M015,6.297561692435549,235.45000111815943,1611.7619252088832
2024-02-08 03:00:00,M016,8.932213437981463,222.68836729216443,1995.1259889434718
2024-02-08 04:00:00,M017,18.19549746894065,238.44738614582667,4209.786608898612
2024-02-08 05:00:00,M018,19.547979811470547,215.69683126688676,4635.331438430053
2024-02-08 06:00:00,M019,11.251560476242599,239.05808753657962,2552.217175210379
2024-02-08 07:00:00,M020,13.718519238826607,228.65490475465617,3442.994576819486
2024-02-08 08:00:00,M021,8.446606477849736,220.06942398292625,1747.663519290559
2024-02-08 09:00:00,M022,17.608750877683438,223.4930323668006,3889.3576196373615
2024-02-08 10:00:00,M023,15.654294253457904,200.25217797687293,3355.8723761708707
2024-02-08 11:00:00,M024,5.897791393703658,203.39761249427076,1228.3265381316262
2024-02-08 12:00:00,M025,19.662975051823175,228.22579489558615,4541.9434836912005
2024-02-08 13:00:00,M026,11.649921851384821,227.46307267009814,2578.4105912196856
2024-02-08 14:00:00,M027,9.115048361054203,208.92609322936786,1853.991371430309
2024-02-08 15:00:00,M028,12.141710708901087,215.73207446938707,2496.2380973108384
2024-02-08 16:00:00,M029,18.89153038474256,204.28320733688324,3945.8472241579716
2024-02-08 17:00:00,M030,9.94746929795906,234.95064585772582,2362.493528733681
2024-02-08 18:00:00,M031,15.8741044904264,224.03605658693075,3460.977794677206
2024-02-08 19:00:00,M032,11.96113955237438,230.25455955619265,2536.6513892026574
2024-02-08 20:00:00,M033,9.619018907709199,220.2077262399408,2025.0334328101753
2024-02-08 21:00:00,M034,18.26848139242155,228.9896926524251,4273.986845550523
2024-02-08 22:00:00,M035,14.148487973596136,224.9626857747823,3446.163430668303
2024-02-08 23:00:00,M036,15.417331680362977,228.48510293927455,3856.637218376981
2024-02-09 00:00:00,M037,6.786242005016526,213.48047233205676,1454.2313342024142
2024-02-09 01:00:00,M038,6.392363272556566,219.666527120779,1421.3378578311804
2024-02-09 02:00:00,M039,17.14739072130933,229.66874099511745,4066.8975610306347
2024-02-09 03:00:00,M040,8.394914901941197,217.7407167016139,1994.6181110322975
2024-02-09 04:00:00,M041,10.172103974685541,238.91744303530123,2636.0383221657603
2024-02-09 05:00:00,M042,11.158640079509706,204.53121160785182,2454.3828956647376
2024-02-09 06:00:00,M043,11.000319837357345,231.4960605805558,2773.865812867961
2024-02-09 07:00:00,M044,14.286049338794188,201.60523455805708,2696.911715273585
2024-02-09 08:00:00,M045,10.136115551152844,225.65488157797117,2445.5624075677847
2024-02-09 09:00:00,M046,13.082963437455476,239.1874950732918,3393.3976285497533
2024-02-09 10:00:00,M047,13.59487441243106,234.40362162635736,2897.9601313774806
2024-02-09 11:00:00,M048,16.837154544542393,229.32136249228427,4186.057009433239
2024-02-09 12:00:00,M049,13.677367126798696,238.8273182977034,2986.171215591556
2024-02-09 13:00:00,M050,11.855090929085444,221.0749016270124,2770.773755057769
2024-02-09 14:00:00,M051,12.053267675464287,211.52646608497517,2570.8623895242677
2024-02-09 15:00:00,M052,13.572508346224808,210.58127531203172,3099.962154220285
2024-02-09 16:00:00,M053,15.211563402290214,231.3846270166639,3779.264491831981
2024-02-09 17:00:00,M054,15.310116499756683,234.7561444115452,3689.70178109234
2024-02-09 18:00:00,M055,11.114563580707605,233.05356398436572,2609.6243344839677
2024-02-09 19:00:00,M056,6.692070146086901,235.65193893432544,1579.4526972692715
2024-02-09 20:00:00,M057,14.917583177545346,225.83241491712275,3261.4475179512615
2024-02-09 21:00:00,M058,5.621295857381502,220.90256498921948,1137.6361278360284
2024-02-09 22:00:00,M059,13.5887440357324,233.7485043125929,2869.8631260233383
2024-02-09 23:00:00,M060,11.046642967346585,230.3380508284663,2770.8210640463863
2024-02-10 00:00:00,M061,14.878093999509993,232.77689636703695,3142.996645643419
2024-02-10 01:00:00,M062,10.901313788999115,205.89071743778575,2304.7345787799127
2024-02-10 02:00:00,M063,17.29634557367624,232.06393534607056,4098.271018772191
2024-02-10 03:00:00,M064,13.823083163097685,203.31442793377715,2807.63832358426
2024-02-10 04:00:00,M065,19.852487879893726,235.29244218487167,4536.235449579326
2024-02-10 05:00:00,M066,15.870242306480108,237.1304382184399,3914.211982636578
2024-02-10 06:00:00,M067,13.042701065611903,229.33866435888078,2842.3800265005493
2024-02-10 07:00:00,M068,15.727415987691215,225.66756137778518,3580.1397582129916
2024-02-10 08:00:00,M069,15.702175072986424,218.82628244339847,3695.3505568609944
2024-02-10 09:00:00,M070,12.699682736123055,221.65059541700558,2840.2088945713344
2024-02-10 10:00:00,M071,19.63745038494995,212.50939737499016,3939.3450370074274
2024-02-10 11:00:00,M072,5.708659053354277,206.21522325376296,1075.697676604051
2024-02-10 12:00:00,M073,7.039957058418734,215.67919092636654,1527.165782771343
2024-02-10 13:00:00,M074,6.517679896374718,209.38907227696106,1439.3969547095041
2024-02-10 14:00:00,M075,8.762684947944464,220.41937091938146,2061.6395079584318
2024-02-10 15:00:00,M076,19.556721258913356,210.60992505673772,4342.721735583952
2024-02-10 16:00:00,M077,9.755106166975093,210.74122776156028,2100.086308741694
2024-02-10 17:00:00,M078,10.348507354408927,223.01060928698558,2232.8304186424175
2024-02-10 18:00:00,M079,9.969747959191409,220.6960657661848,2382.708721533415
2024-02-10 19:00:00,M080,6.513320822706253,215.17160213021097,1307.9727013856257
2024-02-10 20:00:00,M081,14.689615279999982,220.61742261701963,3470.0811273806753
2024-02-10 21:00:00,M082,17.202008251271963,227.38069771226463,3979.6549446331924
2024-02-10 22:00:00,M083,14.38884612760187,211.36306756982694,2931.4923263925925
2024-02-10 23:00:00,M084,15.599137592673864,203.73894877611832,3455.708237157268
2024-02-11 00:00:00,M085,15.111637653392627,233.09967926331814,3190.8644609471576
2024-02-11 01:00:00,M086,6.442538334267192,204.4480033092621,1346.3914400885428
2024-02-11 02:00:00,M087,15.149634989742317,233.6708960540247,3197.2781380197916
2024-02-11 03:00:00,M088,6.107945991435477,204.24413983098302,1126.5095555485188
2024-02-11 04:00:00,M089,16.55630737664857,213.365112041072,3442.5124668036833
2024-02-11 05:00:00,M090,19.285746411207,219.91585215966134,3895.658914881152
2024-02-11 06:00:00,M091,5.4819599932430645,215.0337245288892,1261.9459137960557
2024-02-11 07:00:00,M092,17.823844357033952,205.36460155605548,3449.232700939473
2024-02-11 08:00:00,M093,12.799426998577012,216.6707091608154,2530.5150733964674
2024-02-11 09:00:00,M094,13.405157673203885,237.9306912841327,3174.336491460193
2024-02-11 10:00:00,M095,18.608413119164666,221.74848092024834,4423.9520756785305
2024-02-11 11:00:00,M096,9.572855440577513,221.24227414970713,2305.625781217633
2024-02-11 12:00:00,M097,14.492901074227671,216.8108856865935,2945.581099494896
2024-02-11 13:00:00,M098,10.651680459089654,223.21285733389695,2551.9185369303664
2024-02-11 14:00:00,M099,12.1717670043083,215.38001621056782,2598.4746912465107
2024-02-11 15:00:00,M100,16.976658695395365,206.1080218246602,3709.4015072222837
